/                          /index.html                                    200

/learn/creditors-vs-collectors      /creditors.vs.collectors.index.html    200
/learn/creditors-vs-collectors/     /creditors.vs.collectors.index.html    200
/learn/settlement-vs-consolidation  /faq/settlement-vs-consolidation/index.html 200
/learn/settlement-vs-consolidation/ /faq/settlement-vs-consolidation/index.html 200
/learn/state-laws                  /learn/state-laws/index.html           200
/learn/state-laws/                 /learn/state-laws/index.html           200

# Blog list
/blog                      /blog.index.html                                200
/blog/                     /blog.index.html                                200
/blog/index                /blog.index.html                                200
/blog/index.html           /blog.index.html                                200

# Canonical blog article redirects (keep in sync with blogs.json)
/blog/finding-your-path-to-debt-relief-a-guide-to-debt-consolidation-and-settlement.html  /blog/2025-08-02-finding-your-path-to-debt-relief-a-guide-to-debt-consolidation-and-settlement.html 301
/blog/finding-your-path-to-debt-relief-a-guide-to-debt-consolidation-and-settlement      /blog/2025-08-02-finding-your-path-to-debt-relief-a-guide-to-debt-consolidation-and-settlement.html 301
/blog/chapter-1-understanding-debt-relief-options.html                                      /blog/2025-08-03-chapter-1-understanding-debt-relief-options.html                                 301
/blog/chapter-1-understanding-debt-relief-options                                           /blog/2025-08-03-chapter-1-understanding-debt-relief-options.html                                 301
/blog/navigating-the-path-to-debt-relief-your-guide-to-debt-consolidation-and-settlement.html /blog/2025-08-06-navigating-the-path-to-debt-relief-your-guide-to-debt-consolidation-and-settlement.html 301
/blog/navigating-the-path-to-debt-relief-your-guide-to-debt-consolidation-and-settlement      /blog/2025-08-06-navigating-the-path-to-debt-relief-your-guide-to-debt-consolidation-and-settlement.html 301
/blog/debt-relief-options-you-can-start-exploring-today-debt-relief-guard-insights-november-29-2025.html /blog/2025-11-29-debt-relief-options-you-can-start-exploring-today-debt-relief-guard-insights-november-29-2025.html 301
/blog/debt-relief-options-you-can-start-exploring-today-debt-relief-guard-insights-november-29-2025      /blog/2025-11-29-debt-relief-options-you-can-start-exploring-today-debt-relief-guard-insights-november-29-2025.html 301

# Dated URLs that already include an extension should resolve as-is
/blog/:year-:month-:day-:rest.html                    /blog/:year-:month-:day-:rest.html                    200

# Guard against stray repeated .html suffixes generated by historic redirects
/blog/:year-:month-:day-:rest.html.html               /blog/:year-:month-:day-:rest.html                    301

# Fallback: when a dated HTML isn't present, load the shell that redirects using blogs.json
/blog/:slug.html                 /blog-shell.html                                   200

# Extensionless dated URLs previously redirected to their .html file.
# To avoid redirect loops like /blog/...html → /blog/...html.html,
# we require canonical URLs to include the .html suffix directly.
# Update any internal links (see blogs.json, templates) to point at
# the .html version so requests land on their final destination.

# Legacy paths → new location
/content/blog/:date-:slug.html                        /blog/:date-:slug.html                                 301
/content/blog/:year-:month-:day-:rest                 /blog/:year-:month-:day-:rest.html                     301
/content/blog/:year-:month-:day-:rest/index.html      /blog/:year-:month-:day-:rest.html                     301
/content/blog/:splat                                  /blog/:splat                                           301

/blog/debt-settlement-timeline-expectations-navigating-your-path-with-debt-consolidation-loans /blog/2026-01-05-debt-settlement-timeline-expectations-navigating-your-path-with-debt-consolidation-loans.html 301

/blog/what-happens-during-debt-settlement-negotiations-understanding-debt-consolidation-loans /blog/2026-01-12-what-happens-during-debt-settlement-negotiations-understanding-debt-consolidation-loans.html 301

/blog/understanding-your-rights-how-to-handle-credit-card-debt-collection /blog/2026-01-12-understanding-your-rights-how-to-handle-credit-card-debt-collection.html 301

/blog/how-debt-settlement-offers-are-calculated-a-guide-to-debt-consolidation-loans /blog/2026-01-12-how-debt-settlement-offers-are-calculated-a-guide-to-debt-consolidation-loans.html 301

/blog/understanding-credit-card-hardship-programs-a-step-by-step-guide /blog/2026-01-13-understanding-credit-card-hardship-programs-a-step-by-step-guide.html 301

/blog/debt-relief-how-we-protect-data-and-privacy /blog/2026-01-14-debt-relief-how-we-protect-data-and-privacy.html 301

/blog/consumer-rights-protect-yourself-with-cfpb-and-ftc-resources-against-fraud /blog/2026-01-18-consumer-rights-protect-yourself-with-cfpb-and-ftc-resources-against-fraud.html 301

/blog/debt-relief-safety-a-checklist-to-avoid-fraud-and-verify-trustworthiness /blog/2026-01-18-debt-relief-safety-a-checklist-to-avoid-fraud-and-verify-trustworthiness.html 301

/blog/consumer-rights-how-cfpb-and-ftc-protect-you-from-fraud-and-ensure-transparency /blog/2026-01-23-consumer-rights-how-cfpb-and-ftc-protect-you-from-fraud-and-ensure-transparency.html 301

/blog/consumer-rights-essential-information-for-fraud-prevention-and-complaints /blog/2026-01-23-consumer-rights-essential-information-for-fraud-prevention-and-complaints.html 301
